-- phpMyAdmin SQL Dump
-- version 4.4.14
-- http://www.phpmyadmin.net
--
-- Host: 127.0.0.1
-- Generation Time: 19-Jan-2016 às 03:18
-- Versão do servidor: 5.6.26
-- PHP Version: 5.6.12

SET SQL_MODE = "NO_AUTO_VALUE_ON_ZERO";
SET time_zone = "+00:00";


/*!40101 SET @OLD_CHARACTER_SET_CLIENT=@@CHARACTER_SET_CLIENT */;
/*!40101 SET @OLD_CHARACTER_SET_RESULTS=@@CHARACTER_SET_RESULTS */;
/*!40101 SET @OLD_COLLATION_CONNECTION=@@COLLATION_CONNECTION */;
/*!40101 SET NAMES utf8mb4 */;

--
-- Database: `dbmf`
--
CREATE DATABASE IF NOT EXISTS `dbmf` DEFAULT CHARACTER SET latin1 COLLATE latin1_swedish_ci;
USE `dbmf`;

-- --------------------------------------------------------

--
-- Estrutura da tabela `album`
--

DROP TABLE IF EXISTS `album`;
CREATE TABLE IF NOT EXISTS `album` (
  `id` int(11) NOT NULL,
  `nome` varchar(100) COLLATE utf8_bin NOT NULL,
  `descricao` text COLLATE utf8_bin,
  `biblioteca` enum('imagem','video','audio','documento') COLLATE utf8_bin NOT NULL,
  `classificacao` enum('usuario','site','sistema','portfolio') COLLATE utf8_bin NOT NULL,
  `url` varchar(240) COLLATE utf8_bin NOT NULL,
  `privado` tinyint(1) NOT NULL DEFAULT '0',
  `idusuario` int(11) NOT NULL,
  `idcapa` int(11) NOT NULL,
  `criado` timestamp NOT NULL DEFAULT CURRENT_TIMESTAMP
) ENGINE=MyISAM AUTO_INCREMENT=16 DEFAULT CHARSET=utf8 COLLATE=utf8_bin;

--
-- Extraindo dados da tabela `album`
--

REPLACE INTO `album` (`id`, `nome`, `descricao`, `biblioteca`, `classificacao`, `url`, `privado`, `idusuario`, `idcapa`, `criado`) VALUES
(1, 'Album Teste', 'testando', 'imagem', 'portfolio', 'images/portfolio/2015/10/album_teste/', 0, 0, 0, '2015-10-19 22:16:21'),
(2, 'ok sr', 'teste', 'imagem', 'portfolio', 'images/portfolio/2015/10/ok_sr/', 0, 0, 0, '2015-10-20 22:19:35'),
(3, 'outro teste', 'teste', 'imagem', 'portfolio', 'images/portfolio/2015/10/outro_teste/', 0, 0, 0, '2015-10-20 22:28:46'),
(4, 'teste de numero sei lá', 'vamos ver se esse da certo', 'imagem', 'portfolio', 'images/portfolio/2015/10/teste_de_numero_sei_lá/', 0, 0, 0, '2015-10-20 22:37:11'),
(5, 'outro de novo', 'mais um teste agora com explode', 'imagem', 'portfolio', 'images/portfolio/2015/10/outro_de_novo/', 0, 0, 0, '2015-10-20 22:41:15'),
(6, 'sfrhghtrh', 'ghtyhtye', 'imagem', 'portfolio', 'images/portfolio/2015/10/sfrhghtrh/', 0, 0, 0, '2015-10-20 22:46:23'),
(7, 'dferhjf yrgcs buer', 'dkngjrngitr', 'imagem', 'portfolio', 'images/portfolio/2015/10/dferhjf_yrgcs_buer/', 0, 0, 0, '2015-10-20 22:50:57'),
(8, 'ultimo', 'mais um', 'imagem', 'portfolio', 'images/portfolio/2015/10/ultimo/', 0, 0, 0, '2015-10-20 22:52:38'),
(9, 'não foi o ultimo', 'mais esse vai ser', 'imagem', 'portfolio', 'images/portfolio/2015/10/não_foi_o_ultimo/', 0, 0, 0, '2015-10-20 22:54:06'),
(10, 'ultimo01', 'teste de numero 01', 'imagem', 'portfolio', 'images/portfolio/2015/10/ultimo01/', 0, 0, 0, '2015-10-20 22:58:21'),
(11, 'teste do id', 'idi usuario', 'imagem', 'portfolio', 'images/portfolio/2015/10/teste_do_id/', 0, 1, 0, '2015-10-20 23:13:14'),
(12, 'Novo album', NULL, 'imagem', 'portfolio', 'images/portfolio/2015/10/novo_album/', 0, 1, 0, '2015-10-21 21:41:21'),
(13, 'album multi', NULL, 'imagem', 'portfolio', 'images/portfolio/2015/10/album_multi/', 0, 1, 0, '2015-10-21 21:43:45'),
(14, 'novo ALBUM MUltiplo', NULL, 'imagem', 'portfolio', 'images/portfolio/2015/10/novo_album_multiplo/', 0, 1, 0, '2015-10-21 22:12:23'),
(15, 'Portfolio 2015', NULL, 'imagem', 'portfolio', 'images/portfolio/2015/11/portfolio_2015/', 0, 1, 0, '2015-11-27 13:14:44');

-- --------------------------------------------------------

--
-- Estrutura da tabela `ci_sessions`
--

DROP TABLE IF EXISTS `ci_sessions`;
CREATE TABLE IF NOT EXISTS `ci_sessions` (
  `id` varchar(40) COLLATE utf8_bin NOT NULL,
  `ip_address` varchar(45) COLLATE utf8_bin NOT NULL,
  `timestamp` int(10) unsigned NOT NULL DEFAULT '0',
  `data` blob NOT NULL
) ENGINE=MyISAM DEFAULT CHARSET=utf8 COLLATE=utf8_bin;

--
-- Extraindo dados da tabela `ci_sessions`
--

REPLACE INTO `ci_sessions` (`id`, `ip_address`, `timestamp`, `data`) VALUES
('f7b7e80720f7ce2420b24040b1a72289eab6c181', '127.0.0.1', 1452221745, 0x5f5f63695f6c6173745f726567656e65726174657c693a313435323232313436313b69647c733a313a2231223b6e6f6d657c733a32333a2254686961676f204d617269616e6f206465204d6f757261223b656d61696c7c733a32363a2261676f31305f6d617269616e6f407961686f6f2e636f6d2e6272223b69647469706f6c6f67696e7c733a313a2231223b6964666f746f70657266696c7c4e3b69646e6976656c7c733a313a2231223b7065726d6973736f65737c613a373a7b693a303b613a373a7b733a323a226964223b733a313a2231223b733a373a2269646e6976656c223b733a313a2231223b733a363a2269646d656e75223b733a313a2233223b733a393a22636f6e73756c746172223b733a313a2231223b733a373a22696e636c756972223b733a313a2231223b733a363a22656469746172223b733a313a2231223b733a373a226578636c756972223b733a313a2231223b7d693a313b613a373a7b733a323a226964223b733a313a2232223b733a373a2269646e6976656c223b733a313a2231223b733a363a2269646d656e75223b733a313a2234223b733a393a22636f6e73756c746172223b733a313a2231223b733a373a22696e636c756972223b733a313a2231223b733a363a22656469746172223b733a313a2231223b733a373a226578636c756972223b733a313a2231223b7d693a323b613a373a7b733a323a226964223b733a313a2233223b733a373a2269646e6976656c223b733a313a2231223b733a363a2269646d656e75223b733a313a2235223b733a393a22636f6e73756c746172223b733a313a2231223b733a373a22696e636c756972223b733a313a2231223b733a363a22656469746172223b733a313a2231223b733a373a226578636c756972223b733a313a2231223b7d693a333b613a373a7b733a323a226964223b733a313a2234223b733a373a2269646e6976656c223b733a313a2231223b733a363a2269646d656e75223b733a313a2236223b733a393a22636f6e73756c746172223b733a313a2231223b733a373a22696e636c756972223b733a313a2231223b733a363a22656469746172223b733a313a2231223b733a373a226578636c756972223b733a313a2231223b7d693a343b613a373a7b733a323a226964223b733a313a2239223b733a373a2269646e6976656c223b733a313a2231223b733a363a2269646d656e75223b733a313a2237223b733a393a22636f6e73756c746172223b733a313a2231223b733a373a22696e636c756972223b733a313a2231223b733a363a22656469746172223b733a313a2231223b733a373a226578636c756972223b733a313a2231223b7d693a353b613a373a7b733a323a226964223b733a323a223130223b733a373a2269646e6976656c223b733a313a2231223b733a363a2269646d656e75223b733a313a2238223b733a393a22636f6e73756c746172223b733a313a2231223b733a373a22696e636c756972223b733a313a2231223b733a363a22656469746172223b733a313a2231223b733a373a226578636c756972223b733a313a2231223b7d693a363b613a373a7b733a323a226964223b733a323a223132223b733a373a2269646e6976656c223b733a313a2231223b733a363a2269646d656e75223b733a313a2239223b733a393a22636f6e73756c746172223b733a313a2231223b733a373a22696e636c756972223b733a313a2231223b733a363a22656469746172223b733a313a2231223b733a373a226578636c756972223b733a313a2231223b7d7d6c6f6761646f7c623a313b),
('322b958cc9b3ccafe06512630aa82ff5f490a248', '127.0.0.1', 1452295498, 0x5f5f63695f6c6173745f726567656e65726174657c693a313435323239353439383b),
('559e53df0b7f8ab995ac482df2a8cde3d4768a14', '127.0.0.1', 1452295887, 0x5f5f63695f6c6173745f726567656e65726174657c693a313435323239353838363b),
('69ec7f34bdb9c2787bf931f435da032b3c159e06', '127.0.0.1', 1452296922, 0x5f5f63695f6c6173745f726567656e65726174657c693a313435323239363835353b69647c733a313a2231223b6e6f6d657c733a32333a2254686961676f204d617269616e6f206465204d6f757261223b656d61696c7c733a32363a2261676f31305f6d617269616e6f407961686f6f2e636f6d2e6272223b69647469706f6c6f67696e7c733a313a2231223b6964666f746f70657266696c7c4e3b69646e6976656c7c733a313a2231223b7065726d6973736f65737c613a383a7b693a303b613a373a7b733a323a226964223b733a313a2231223b733a373a2269646e6976656c223b733a313a2231223b733a363a2269646d656e75223b733a313a2233223b733a393a22636f6e73756c746172223b733a313a2231223b733a373a22696e636c756972223b733a313a2231223b733a363a22656469746172223b733a313a2231223b733a373a226578636c756972223b733a313a2231223b7d693a313b613a373a7b733a323a226964223b733a313a2232223b733a373a2269646e6976656c223b733a313a2231223b733a363a2269646d656e75223b733a313a2234223b733a393a22636f6e73756c746172223b733a313a2231223b733a373a22696e636c756972223b733a313a2231223b733a363a22656469746172223b733a313a2231223b733a373a226578636c756972223b733a313a2231223b7d693a323b613a373a7b733a323a226964223b733a313a2233223b733a373a2269646e6976656c223b733a313a2231223b733a363a2269646d656e75223b733a313a2235223b733a393a22636f6e73756c746172223b733a313a2231223b733a373a22696e636c756972223b733a313a2231223b733a363a22656469746172223b733a313a2231223b733a373a226578636c756972223b733a313a2231223b7d693a333b613a373a7b733a323a226964223b733a313a2234223b733a373a2269646e6976656c223b733a313a2231223b733a363a2269646d656e75223b733a313a2236223b733a393a22636f6e73756c746172223b733a313a2231223b733a373a22696e636c756972223b733a313a2231223b733a363a22656469746172223b733a313a2231223b733a373a226578636c756972223b733a313a2231223b7d693a343b613a373a7b733a323a226964223b733a313a2239223b733a373a2269646e6976656c223b733a313a2231223b733a363a2269646d656e75223b733a313a2237223b733a393a22636f6e73756c746172223b733a313a2231223b733a373a22696e636c756972223b733a313a2231223b733a363a22656469746172223b733a313a2231223b733a373a226578636c756972223b733a313a2231223b7d693a353b613a373a7b733a323a226964223b733a323a223130223b733a373a2269646e6976656c223b733a313a2231223b733a363a2269646d656e75223b733a313a2238223b733a393a22636f6e73756c746172223b733a313a2231223b733a373a22696e636c756972223b733a313a2231223b733a363a22656469746172223b733a313a2231223b733a373a226578636c756972223b733a313a2231223b7d693a363b613a373a7b733a323a226964223b733a323a223132223b733a373a2269646e6976656c223b733a313a2231223b733a363a2269646d656e75223b733a313a2239223b733a393a22636f6e73756c746172223b733a313a2231223b733a373a22696e636c756972223b733a313a2231223b733a363a22656469746172223b733a313a2231223b733a373a226578636c756972223b733a313a2231223b7d693a373b613a373a7b733a323a226964223b733a323a223133223b733a373a2269646e6976656c223b733a313a2231223b733a363a2269646d656e75223b733a323a223130223b733a393a22636f6e73756c746172223b733a313a2231223b733a373a22696e636c756972223b733a313a2231223b733a363a22656469746172223b733a313a2231223b733a373a226578636c756972223b733a313a2231223b7d7d6c6f6761646f7c623a313b),
('ec023d9482564578af37c474a6c63fd7ca9f0456', '127.0.0.1', 1452297203, 0x5f5f63695f6c6173745f726567656e65726174657c693a313435323239373137353b69647c733a313a2231223b6e6f6d657c733a32333a2254686961676f204d617269616e6f206465204d6f757261223b656d61696c7c733a32363a2261676f31305f6d617269616e6f407961686f6f2e636f6d2e6272223b69647469706f6c6f67696e7c733a313a2231223b6964666f746f70657266696c7c4e3b69646e6976656c7c733a313a2231223b7065726d6973736f65737c613a383a7b693a303b613a373a7b733a323a226964223b733a313a2231223b733a373a2269646e6976656c223b733a313a2231223b733a363a2269646d656e75223b733a313a2233223b733a393a22636f6e73756c746172223b733a313a2231223b733a373a22696e636c756972223b733a313a2231223b733a363a22656469746172223b733a313a2231223b733a373a226578636c756972223b733a313a2231223b7d693a313b613a373a7b733a323a226964223b733a313a2232223b733a373a2269646e6976656c223b733a313a2231223b733a363a2269646d656e75223b733a313a2234223b733a393a22636f6e73756c746172223b733a313a2231223b733a373a22696e636c756972223b733a313a2231223b733a363a22656469746172223b733a313a2231223b733a373a226578636c756972223b733a313a2231223b7d693a323b613a373a7b733a323a226964223b733a313a2233223b733a373a2269646e6976656c223b733a313a2231223b733a363a2269646d656e75223b733a313a2235223b733a393a22636f6e73756c746172223b733a313a2231223b733a373a22696e636c756972223b733a313a2231223b733a363a22656469746172223b733a313a2231223b733a373a226578636c756972223b733a313a2231223b7d693a333b613a373a7b733a323a226964223b733a313a2234223b733a373a2269646e6976656c223b733a313a2231223b733a363a2269646d656e75223b733a313a2236223b733a393a22636f6e73756c746172223b733a313a2231223b733a373a22696e636c756972223b733a313a2231223b733a363a22656469746172223b733a313a2231223b733a373a226578636c756972223b733a313a2231223b7d693a343b613a373a7b733a323a226964223b733a313a2239223b733a373a2269646e6976656c223b733a313a2231223b733a363a2269646d656e75223b733a313a2237223b733a393a22636f6e73756c746172223b733a313a2231223b733a373a22696e636c756972223b733a313a2231223b733a363a22656469746172223b733a313a2231223b733a373a226578636c756972223b733a313a2231223b7d693a353b613a373a7b733a323a226964223b733a323a223130223b733a373a2269646e6976656c223b733a313a2231223b733a363a2269646d656e75223b733a313a2238223b733a393a22636f6e73756c746172223b733a313a2231223b733a373a22696e636c756972223b733a313a2231223b733a363a22656469746172223b733a313a2231223b733a373a226578636c756972223b733a313a2231223b7d693a363b613a373a7b733a323a226964223b733a323a223132223b733a373a2269646e6976656c223b733a313a2231223b733a363a2269646d656e75223b733a313a2239223b733a393a22636f6e73756c746172223b733a313a2231223b733a373a22696e636c756972223b733a313a2231223b733a363a22656469746172223b733a313a2231223b733a373a226578636c756972223b733a313a2231223b7d693a373b613a373a7b733a323a226964223b733a323a223133223b733a373a2269646e6976656c223b733a313a2231223b733a363a2269646d656e75223b733a323a223130223b733a393a22636f6e73756c746172223b733a313a2231223b733a373a22696e636c756972223b733a313a2231223b733a363a22656469746172223b733a313a2231223b733a373a226578636c756972223b733a313a2231223b7d7d6c6f6761646f7c623a313b),
('1beaadaefd40edf6d1db870770ca2dc014d90fc8', '127.0.0.1', 1452298513, 0x5f5f63695f6c6173745f726567656e65726174657c693a313435323239383334313b69647c733a313a2231223b6e6f6d657c733a32333a2254686961676f204d617269616e6f206465204d6f757261223b656d61696c7c733a32363a2261676f31305f6d617269616e6f407961686f6f2e636f6d2e6272223b69647469706f6c6f67696e7c733a313a2231223b6964666f746f70657266696c7c4e3b69646e6976656c7c733a313a2231223b7065726d6973736f65737c613a383a7b693a303b613a373a7b733a323a226964223b733a313a2231223b733a373a2269646e6976656c223b733a313a2231223b733a363a2269646d656e75223b733a313a2233223b733a393a22636f6e73756c746172223b733a313a2231223b733a373a22696e636c756972223b733a313a2231223b733a363a22656469746172223b733a313a2231223b733a373a226578636c756972223b733a313a2231223b7d693a313b613a373a7b733a323a226964223b733a313a2232223b733a373a2269646e6976656c223b733a313a2231223b733a363a2269646d656e75223b733a313a2234223b733a393a22636f6e73756c746172223b733a313a2231223b733a373a22696e636c756972223b733a313a2231223b733a363a22656469746172223b733a313a2231223b733a373a226578636c756972223b733a313a2231223b7d693a323b613a373a7b733a323a226964223b733a313a2233223b733a373a2269646e6976656c223b733a313a2231223b733a363a2269646d656e75223b733a313a2235223b733a393a22636f6e73756c746172223b733a313a2231223b733a373a22696e636c756972223b733a313a2231223b733a363a22656469746172223b733a313a2231223b733a373a226578636c756972223b733a313a2231223b7d693a333b613a373a7b733a323a226964223b733a313a2234223b733a373a2269646e6976656c223b733a313a2231223b733a363a2269646d656e75223b733a313a2236223b733a393a22636f6e73756c746172223b733a313a2231223b733a373a22696e636c756972223b733a313a2231223b733a363a22656469746172223b733a313a2231223b733a373a226578636c756972223b733a313a2231223b7d693a343b613a373a7b733a323a226964223b733a313a2239223b733a373a2269646e6976656c223b733a313a2231223b733a363a2269646d656e75223b733a313a2237223b733a393a22636f6e73756c746172223b733a313a2231223b733a373a22696e636c756972223b733a313a2231223b733a363a22656469746172223b733a313a2231223b733a373a226578636c756972223b733a313a2231223b7d693a353b613a373a7b733a323a226964223b733a323a223130223b733a373a2269646e6976656c223b733a313a2231223b733a363a2269646d656e75223b733a313a2238223b733a393a22636f6e73756c746172223b733a313a2231223b733a373a22696e636c756972223b733a313a2231223b733a363a22656469746172223b733a313a2231223b733a373a226578636c756972223b733a313a2231223b7d693a363b613a373a7b733a323a226964223b733a323a223132223b733a373a2269646e6976656c223b733a313a2231223b733a363a2269646d656e75223b733a313a2239223b733a393a22636f6e73756c746172223b733a313a2231223b733a373a22696e636c756972223b733a313a2231223b733a363a22656469746172223b733a313a2231223b733a373a226578636c756972223b733a313a2231223b7d693a373b613a373a7b733a323a226964223b733a323a223133223b733a373a2269646e6976656c223b733a313a2231223b733a363a2269646d656e75223b733a323a223130223b733a393a22636f6e73756c746172223b733a313a2231223b733a373a22696e636c756972223b733a313a2231223b733a363a22656469746172223b733a313a2231223b733a373a226578636c756972223b733a313a2231223b7d7d6c6f6761646f7c623a313b),
('29f113977b8a658bb9b9bd4d20e87050fc17e154', '127.0.0.1', 1452344393, 0x5f5f63695f6c6173745f726567656e65726174657c693a313435323334343138393b69647c733a313a2231223b6e6f6d657c733a32333a2254686961676f204d617269616e6f206465204d6f757261223b656d61696c7c733a32363a2261676f31305f6d617269616e6f407961686f6f2e636f6d2e6272223b69647469706f6c6f67696e7c733a313a2231223b6964666f746f70657266696c7c4e3b69646e6976656c7c733a313a2231223b7065726d6973736f65737c613a383a7b693a303b613a373a7b733a323a226964223b733a313a2231223b733a373a2269646e6976656c223b733a313a2231223b733a363a2269646d656e75223b733a313a2233223b733a393a22636f6e73756c746172223b733a313a2231223b733a373a22696e636c756972223b733a313a2231223b733a363a22656469746172223b733a313a2231223b733a373a226578636c756972223b733a313a2231223b7d693a313b613a373a7b733a323a226964223b733a313a2232223b733a373a2269646e6976656c223b733a313a2231223b733a363a2269646d656e75223b733a313a2234223b733a393a22636f6e73756c746172223b733a313a2231223b733a373a22696e636c756972223b733a313a2231223b733a363a22656469746172223b733a313a2231223b733a373a226578636c756972223b733a313a2231223b7d693a323b613a373a7b733a323a226964223b733a313a2233223b733a373a2269646e6976656c223b733a313a2231223b733a363a2269646d656e75223b733a313a2235223b733a393a22636f6e73756c746172223b733a313a2231223b733a373a22696e636c756972223b733a313a2231223b733a363a22656469746172223b733a313a2231223b733a373a226578636c756972223b733a313a2231223b7d693a333b613a373a7b733a323a226964223b733a313a2234223b733a373a2269646e6976656c223b733a313a2231223b733a363a2269646d656e75223b733a313a2236223b733a393a22636f6e73756c746172223b733a313a2231223b733a373a22696e636c756972223b733a313a2231223b733a363a22656469746172223b733a313a2231223b733a373a226578636c756972223b733a313a2231223b7d693a343b613a373a7b733a323a226964223b733a313a2239223b733a373a2269646e6976656c223b733a313a2231223b733a363a2269646d656e75223b733a313a2237223b733a393a22636f6e73756c746172223b733a313a2231223b733a373a22696e636c756972223b733a313a2231223b733a363a22656469746172223b733a313a2231223b733a373a226578636c756972223b733a313a2231223b7d693a353b613a373a7b733a323a226964223b733a323a223130223b733a373a2269646e6976656c223b733a313a2231223b733a363a2269646d656e75223b733a313a2238223b733a393a22636f6e73756c746172223b733a313a2231223b733a373a22696e636c756972223b733a313a2231223b733a363a22656469746172223b733a313a2231223b733a373a226578636c756972223b733a313a2231223b7d693a363b613a373a7b733a323a226964223b733a323a223132223b733a373a2269646e6976656c223b733a313a2231223b733a363a2269646d656e75223b733a313a2239223b733a393a22636f6e73756c746172223b733a313a2231223b733a373a22696e636c756972223b733a313a2231223b733a363a22656469746172223b733a313a2231223b733a373a226578636c756972223b733a313a2231223b7d693a373b613a373a7b733a323a226964223b733a323a223133223b733a373a2269646e6976656c223b733a313a2231223b733a363a2269646d656e75223b733a323a223130223b733a393a22636f6e73756c746172223b733a313a2231223b733a373a22696e636c756972223b733a313a2231223b733a363a22656469746172223b733a313a2231223b733a373a226578636c756972223b733a313a2231223b7d7d6c6f6761646f7c623a313b),
('51b0c1e44c22c3b3d141b0412f59c5341e41c35c', '127.0.0.1', 1452344720, 0x5f5f63695f6c6173745f726567656e65726174657c693a313435323334343732303b69647c733a313a2231223b6e6f6d657c733a32333a2254686961676f204d617269616e6f206465204d6f757261223b656d61696c7c733a32363a2261676f31305f6d617269616e6f407961686f6f2e636f6d2e6272223b69647469706f6c6f67696e7c733a313a2231223b6964666f746f70657266696c7c4e3b69646e6976656c7c733a313a2231223b7065726d6973736f65737c613a383a7b693a303b613a373a7b733a323a226964223b733a313a2231223b733a373a2269646e6976656c223b733a313a2231223b733a363a2269646d656e75223b733a313a2233223b733a393a22636f6e73756c746172223b733a313a2231223b733a373a22696e636c756972223b733a313a2231223b733a363a22656469746172223b733a313a2231223b733a373a226578636c756972223b733a313a2231223b7d693a313b613a373a7b733a323a226964223b733a313a2232223b733a373a2269646e6976656c223b733a313a2231223b733a363a2269646d656e75223b733a313a2234223b733a393a22636f6e73756c746172223b733a313a2231223b733a373a22696e636c756972223b733a313a2231223b733a363a22656469746172223b733a313a2231223b733a373a226578636c756972223b733a313a2231223b7d693a323b613a373a7b733a323a226964223b733a313a2233223b733a373a2269646e6976656c223b733a313a2231223b733a363a2269646d656e75223b733a313a2235223b733a393a22636f6e73756c746172223b733a313a2231223b733a373a22696e636c756972223b733a313a2231223b733a363a22656469746172223b733a313a2231223b733a373a226578636c756972223b733a313a2231223b7d693a333b613a373a7b733a323a226964223b733a313a2234223b733a373a2269646e6976656c223b733a313a2231223b733a363a2269646d656e75223b733a313a2236223b733a393a22636f6e73756c746172223b733a313a2231223b733a373a22696e636c756972223b733a313a2231223b733a363a22656469746172223b733a313a2231223b733a373a226578636c756972223b733a313a2231223b7d693a343b613a373a7b733a323a226964223b733a313a2239223b733a373a2269646e6976656c223b733a313a2231223b733a363a2269646d656e75223b733a313a2237223b733a393a22636f6e73756c746172223b733a313a2231223b733a373a22696e636c756972223b733a313a2231223b733a363a22656469746172223b733a313a2231223b733a373a226578636c756972223b733a313a2231223b7d693a353b613a373a7b733a323a226964223b733a323a223130223b733a373a2269646e6976656c223b733a313a2231223b733a363a2269646d656e75223b733a313a2238223b733a393a22636f6e73756c746172223b733a313a2231223b733a373a22696e636c756972223b733a313a2231223b733a363a22656469746172223b733a313a2231223b733a373a226578636c756972223b733a313a2231223b7d693a363b613a373a7b733a323a226964223b733a323a223132223b733a373a2269646e6976656c223b733a313a2231223b733a363a2269646d656e75223b733a313a2239223b733a393a22636f6e73756c746172223b733a313a2231223b733a373a22696e636c756972223b733a313a2231223b733a363a22656469746172223b733a313a2231223b733a373a226578636c756972223b733a313a2231223b7d693a373b613a373a7b733a323a226964223b733a323a223133223b733a373a2269646e6976656c223b733a313a2231223b733a363a2269646d656e75223b733a323a223130223b733a393a22636f6e73756c746172223b733a313a2231223b733a373a22696e636c756972223b733a313a2231223b733a363a22656469746172223b733a313a2231223b733a373a226578636c756972223b733a313a2231223b7d7d6c6f6761646f7c623a313b),
('cb8de846f9907766b579226ef422eb62a79d2904', '127.0.0.1', 1452346994, 0x5f5f63695f6c6173745f726567656e65726174657c693a313435323334363738353b69647c733a313a2231223b6e6f6d657c733a32333a2254686961676f204d617269616e6f206465204d6f757261223b656d61696c7c733a32363a2261676f31305f6d617269616e6f407961686f6f2e636f6d2e6272223b69647469706f6c6f67696e7c733a313a2231223b6964666f746f70657266696c7c4e3b69646e6976656c7c733a313a2231223b7065726d6973736f65737c613a383a7b693a303b613a373a7b733a323a226964223b733a313a2231223b733a373a2269646e6976656c223b733a313a2231223b733a363a2269646d656e75223b733a313a2233223b733a393a22636f6e73756c746172223b733a313a2231223b733a373a22696e636c756972223b733a313a2231223b733a363a22656469746172223b733a313a2231223b733a373a226578636c756972223b733a313a2231223b7d693a313b613a373a7b733a323a226964223b733a313a2232223b733a373a2269646e6976656c223b733a313a2231223b733a363a2269646d656e75223b733a313a2234223b733a393a22636f6e73756c746172223b733a313a2231223b733a373a22696e636c756972223b733a313a2231223b733a363a22656469746172223b733a313a2231223b733a373a226578636c756972223b733a313a2231223b7d693a323b613a373a7b733a323a226964223b733a313a2233223b733a373a2269646e6976656c223b733a313a2231223b733a363a2269646d656e75223b733a313a2235223b733a393a22636f6e73756c746172223b733a313a2231223b733a373a22696e636c756972223b733a313a2231223b733a363a22656469746172223b733a313a2231223b733a373a226578636c756972223b733a313a2231223b7d693a333b613a373a7b733a323a226964223b733a313a2234223b733a373a2269646e6976656c223b733a313a2231223b733a363a2269646d656e75223b733a313a2236223b733a393a22636f6e73756c746172223b733a313a2231223b733a373a22696e636c756972223b733a313a2231223b733a363a22656469746172223b733a313a2231223b733a373a226578636c756972223b733a313a2231223b7d693a343b613a373a7b733a323a226964223b733a313a2239223b733a373a2269646e6976656c223b733a313a2231223b733a363a2269646d656e75223b733a313a2237223b733a393a22636f6e73756c746172223b733a313a2231223b733a373a22696e636c756972223b733a313a2231223b733a363a22656469746172223b733a313a2231223b733a373a226578636c756972223b733a313a2231223b7d693a353b613a373a7b733a323a226964223b733a323a223130223b733a373a2269646e6976656c223b733a313a2231223b733a363a2269646d656e75223b733a313a2238223b733a393a22636f6e73756c746172223b733a313a2231223b733a373a22696e636c756972223b733a313a2231223b733a363a22656469746172223b733a313a2231223b733a373a226578636c756972223b733a313a2231223b7d693a363b613a373a7b733a323a226964223b733a323a223132223b733a373a2269646e6976656c223b733a313a2231223b733a363a2269646d656e75223b733a313a2239223b733a393a22636f6e73756c746172223b733a313a2231223b733a373a22696e636c756972223b733a313a2231223b733a363a22656469746172223b733a313a2231223b733a373a226578636c756972223b733a313a2231223b7d693a373b613a373a7b733a323a226964223b733a323a223133223b733a373a2269646e6976656c223b733a313a2231223b733a363a2269646d656e75223b733a323a223130223b733a393a22636f6e73756c746172223b733a313a2231223b733a373a22696e636c756972223b733a313a2231223b733a363a22656469746172223b733a313a2231223b733a373a226578636c756972223b733a313a2231223b7d7d6c6f6761646f7c623a313b),
('1a6e5ca0375bda4cc0ffc9b7a3569ed311648dd4', '127.0.0.1', 1452347031, 0x5f5f63695f6c6173745f726567656e65726174657c693a313435323334373033313b616c657274617c733a32323a226572726f725f6c6f67696e5f6e65636573736172696f223b5f5f63695f766172737c613a313a7b733a363a22616c65727461223b733a333a226e6577223b7d),
('ca6274513ad114537b9072b477fc6aa7a17f4f7b', '127.0.0.1', 1452347034, 0x5f5f63695f6c6173745f726567656e65726174657c693a313435323334373033333b),
('4f96a0bd1265351d69a76e1749197e97f6f48fbc', '127.0.0.1', 1452350158, 0x5f5f63695f6c6173745f726567656e65726174657c693a313435323335303135373b616c657274617c733a32323a226572726f725f6c6f67696e5f6e65636573736172696f223b5f5f63695f766172737c613a313a7b733a363a22616c65727461223b733a333a226e6577223b7d),
('6cef19918d9942188654f2d99aea93c2072ff8b5', '127.0.0.1', 1452350158, 0x5f5f63695f6c6173745f726567656e65726174657c693a313435323335303135383b),
('047f72fd7dd4869de52c328925a048c783b43365', '127.0.0.1', 1452354772, 0x5f5f63695f6c6173745f726567656e65726174657c693a313435323335343533383b69647c733a313a2231223b6e6f6d657c733a32333a2254686961676f204d617269616e6f206465204d6f757261223b656d61696c7c733a32363a2261676f31305f6d617269616e6f407961686f6f2e636f6d2e6272223b69647469706f6c6f67696e7c733a313a2231223b6964666f746f70657266696c7c4e3b69646e6976656c7c733a313a2231223b7065726d6973736f65737c613a383a7b693a303b613a373a7b733a323a226964223b733a313a2231223b733a373a2269646e6976656c223b733a313a2231223b733a363a2269646d656e75223b733a313a2233223b733a393a22636f6e73756c746172223b733a313a2231223b733a373a22696e636c756972223b733a313a2231223b733a363a22656469746172223b733a313a2231223b733a373a226578636c756972223b733a313a2231223b7d693a313b613a373a7b733a323a226964223b733a313a2232223b733a373a2269646e6976656c223b733a313a2231223b733a363a2269646d656e75223b733a313a2234223b733a393a22636f6e73756c746172223b733a313a2231223b733a373a22696e636c756972223b733a313a2231223b733a363a22656469746172223b733a313a2231223b733a373a226578636c756972223b733a313a2231223b7d693a323b613a373a7b733a323a226964223b733a313a2233223b733a373a2269646e6976656c223b733a313a2231223b733a363a2269646d656e75223b733a313a2235223b733a393a22636f6e73756c746172223b733a313a2231223b733a373a22696e636c756972223b733a313a2231223b733a363a22656469746172223b733a313a2231223b733a373a226578636c756972223b733a313a2231223b7d693a333b613a373a7b733a323a226964223b733a313a2234223b733a373a2269646e6976656c223b733a313a2231223b733a363a2269646d656e75223b733a313a2236223b733a393a22636f6e73756c746172223b733a313a2231223b733a373a22696e636c756972223b733a313a2231223b733a363a22656469746172223b733a313a2231223b733a373a226578636c756972223b733a313a2231223b7d693a343b613a373a7b733a323a226964223b733a313a2239223b733a373a2269646e6976656c223b733a313a2231223b733a363a2269646d656e75223b733a313a2237223b733a393a22636f6e73756c746172223b733a313a2231223b733a373a22696e636c756972223b733a313a2231223b733a363a22656469746172223b733a313a2231223b733a373a226578636c756972223b733a313a2231223b7d693a353b613a373a7b733a323a226964223b733a323a223130223b733a373a2269646e6976656c223b733a313a2231223b733a363a2269646d656e75223b733a313a2238223b733a393a22636f6e73756c746172223b733a313a2231223b733a373a22696e636c756972223b733a313a2231223b733a363a22656469746172223b733a313a2231223b733a373a226578636c756972223b733a313a2231223b7d693a363b613a373a7b733a323a226964223b733a323a223132223b733a373a2269646e6976656c223b733a313a2231223b733a363a2269646d656e75223b733a313a2239223b733a393a22636f6e73756c746172223b733a313a2231223b733a373a22696e636c756972223b733a313a2231223b733a363a22656469746172223b733a313a2231223b733a373a226578636c756972223b733a313a2231223b7d693a373b613a373a7b733a323a226964223b733a323a223133223b733a373a2269646e6976656c223b733a313a2231223b733a363a2269646d656e75223b733a323a223130223b733a393a22636f6e73756c746172223b733a313a2231223b733a373a22696e636c756972223b733a313a2231223b733a363a22656469746172223b733a313a2231223b733a373a226578636c756972223b733a313a2231223b7d7d6c6f6761646f7c623a313b),
('a9e8bb76b1f6fdc40e8986b525300068c943f8d4', '127.0.0.1', 1452356112, 0x5f5f63695f6c6173745f726567656e65726174657c693a313435323335363038363b69647c733a313a2231223b6e6f6d657c733a32333a2254686961676f204d617269616e6f206465204d6f757261223b656d61696c7c733a32363a2261676f31305f6d617269616e6f407961686f6f2e636f6d2e6272223b69647469706f6c6f67696e7c733a313a2231223b6964666f746f70657266696c7c4e3b69646e6976656c7c733a313a2231223b7065726d6973736f65737c613a383a7b693a303b613a373a7b733a323a226964223b733a313a2231223b733a373a2269646e6976656c223b733a313a2231223b733a363a2269646d656e75223b733a313a2233223b733a393a22636f6e73756c746172223b733a313a2231223b733a373a22696e636c756972223b733a313a2231223b733a363a22656469746172223b733a313a2231223b733a373a226578636c756972223b733a313a2231223b7d693a313b613a373a7b733a323a226964223b733a313a2232223b733a373a2269646e6976656c223b733a313a2231223b733a363a2269646d656e75223b733a313a2234223b733a393a22636f6e73756c746172223b733a313a2231223b733a373a22696e636c756972223b733a313a2231223b733a363a22656469746172223b733a313a2231223b733a373a226578636c756972223b733a313a2231223b7d693a323b613a373a7b733a323a226964223b733a313a2233223b733a373a2269646e6976656c223b733a313a2231223b733a363a2269646d656e75223b733a313a2235223b733a393a22636f6e73756c746172223b733a313a2231223b733a373a22696e636c756972223b733a313a2231223b733a363a22656469746172223b733a313a2231223b733a373a226578636c756972223b733a313a2231223b7d693a333b613a373a7b733a323a226964223b733a313a2234223b733a373a2269646e6976656c223b733a313a2231223b733a363a2269646d656e75223b733a313a2236223b733a393a22636f6e73756c746172223b733a313a2231223b733a373a22696e636c756972223b733a313a2231223b733a363a22656469746172223b733a313a2231223b733a373a226578636c756972223b733a313a2231223b7d693a343b613a373a7b733a323a226964223b733a313a2239223b733a373a2269646e6976656c223b733a313a2231223b733a363a2269646d656e75223b733a313a2237223b733a393a22636f6e73756c746172223b733a313a2231223b733a373a22696e636c756972223b733a313a2231223b733a363a22656469746172223b733a313a2231223b733a373a226578636c756972223b733a313a2231223b7d693a353b613a373a7b733a323a226964223b733a323a223130223b733a373a2269646e6976656c223b733a313a2231223b733a363a2269646d656e75223b733a313a2238223b733a393a22636f6e73756c746172223b733a313a2231223b733a373a22696e636c756972223b733a313a2231223b733a363a22656469746172223b733a313a2231223b733a373a226578636c756972223b733a313a2231223b7d693a363b613a373a7b733a323a226964223b733a323a223132223b733a373a2269646e6976656c223b733a313a2231223b733a363a2269646d656e75223b733a313a2239223b733a393a22636f6e73756c746172223b733a313a2231223b733a373a22696e636c756972223b733a313a2231223b733a363a22656469746172223b733a313a2231223b733a373a226578636c756972223b733a313a2231223b7d693a373b613a373a7b733a323a226964223b733a323a223133223b733a373a2269646e6976656c223b733a313a2231223b733a363a2269646d656e75223b733a323a223130223b733a393a22636f6e73756c746172223b733a313a2231223b733a373a22696e636c756972223b733a313a2231223b733a363a22656469746172223b733a313a2231223b733a373a226578636c756972223b733a313a2231223b7d7d6c6f6761646f7c623a313b),
('90fcb212ce20e17ba8a43a8e34337bc40118c8df', '127.0.0.1', 1452356960, 0x5f5f63695f6c6173745f726567656e65726174657c693a313435323335363935393b69647c733a313a2231223b6e6f6d657c733a32333a2254686961676f204d617269616e6f206465204d6f757261223b656d61696c7c733a32363a2261676f31305f6d617269616e6f407961686f6f2e636f6d2e6272223b69647469706f6c6f67696e7c733a313a2231223b6964666f746f70657266696c7c4e3b69646e6976656c7c733a313a2231223b7065726d6973736f65737c613a383a7b693a303b613a373a7b733a323a226964223b733a313a2231223b733a373a2269646e6976656c223b733a313a2231223b733a363a2269646d656e75223b733a313a2233223b733a393a22636f6e73756c746172223b733a313a2231223b733a373a22696e636c756972223b733a313a2231223b733a363a22656469746172223b733a313a2231223b733a373a226578636c756972223b733a313a2231223b7d693a313b613a373a7b733a323a226964223b733a313a2232223b733a373a2269646e6976656c223b733a313a2231223b733a363a2269646d656e75223b733a313a2234223b733a393a22636f6e73756c746172223b733a313a2231223b733a373a22696e636c756972223b733a313a2231223b733a363a22656469746172223b733a313a2231223b733a373a226578636c756972223b733a313a2231223b7d693a323b613a373a7b733a323a226964223b733a313a2233223b733a373a2269646e6976656c223b733a313a2231223b733a363a2269646d656e75223b733a313a2235223b733a393a22636f6e73756c746172223b733a313a2231223b733a373a22696e636c756972223b733a313a2231223b733a363a22656469746172223b733a313a2231223b733a373a226578636c756972223b733a313a2231223b7d693a333b613a373a7b733a323a226964223b733a313a2234223b733a373a2269646e6976656c223b733a313a2231223b733a363a2269646d656e75223b733a313a2236223b733a393a22636f6e73756c746172223b733a313a2231223b733a373a22696e636c756972223b733a313a2231223b733a363a22656469746172223b733a313a2231223b733a373a226578636c756972223b733a313a2231223b7d693a343b613a373a7b733a323a226964223b733a313a2239223b733a373a2269646e6976656c223b733a313a2231223b733a363a2269646d656e75223b733a313a2237223b733a393a22636f6e73756c746172223b733a313a2231223b733a373a22696e636c756972223b733a313a2231223b733a363a22656469746172223b733a313a2231223b733a373a226578636c756972223b733a313a2231223b7d693a353b613a373a7b733a323a226964223b733a323a223130223b733a373a2269646e6976656c223b733a313a2231223b733a363a2269646d656e75223b733a313a2238223b733a393a22636f6e73756c746172223b733a313a2231223b733a373a22696e636c756972223b733a313a2231223b733a363a22656469746172223b733a313a2231223b733a373a226578636c756972223b733a313a2231223b7d693a363b613a373a7b733a323a226964223b733a323a223132223b733a373a2269646e6976656c223b733a313a2231223b733a363a2269646d656e75223b733a313a2239223b733a393a22636f6e73756c746172223b733a313a2231223b733a373a22696e636c756972223b733a313a2231223b733a363a22656469746172223b733a313a2231223b733a373a226578636c756972223b733a313a2231223b7d693a373b613a373a7b733a323a226964223b733a323a223133223b733a373a2269646e6976656c223b733a313a2231223b733a363a2269646d656e75223b733a323a223130223b733a393a22636f6e73756c746172223b733a313a2231223b733a373a22696e636c756972223b733a313a2231223b733a363a22656469746172223b733a313a2231223b733a373a226578636c756972223b733a313a2231223b7d7d6c6f6761646f7c623a313b),
('878c9e20a1262afe8be274d162c16aeb1fcf0e7d', '127.0.0.1', 1452357477, 0x5f5f63695f6c6173745f726567656e65726174657c693a313435323335373437373b69647c733a313a2231223b6e6f6d657c733a32333a2254686961676f204d617269616e6f206465204d6f757261223b656d61696c7c733a32363a2261676f31305f6d617269616e6f407961686f6f2e636f6d2e6272223b69647469706f6c6f67696e7c733a313a2231223b6964666f746f70657266696c7c4e3b69646e6976656c7c733a313a2231223b7065726d6973736f65737c613a383a7b693a303b613a373a7b733a323a226964223b733a313a2231223b733a373a2269646e6976656c223b733a313a2231223b733a363a2269646d656e75223b733a313a2233223b733a393a22636f6e73756c746172223b733a313a2231223b733a373a22696e636c756972223b733a313a2231223b733a363a22656469746172223b733a313a2231223b733a373a226578636c756972223b733a313a2231223b7d693a313b613a373a7b733a323a226964223b733a313a2232223b733a373a2269646e6976656c223b733a313a2231223b733a363a2269646d656e75223b733a313a2234223b733a393a22636f6e73756c746172223b733a313a2231223b733a373a22696e636c756972223b733a313a2231223b733a363a22656469746172223b733a313a2231223b733a373a226578636c756972223b733a313a2231223b7d693a323b613a373a7b733a323a226964223b733a313a2233223b733a373a2269646e6976656c223b733a313a2231223b733a363a2269646d656e75223b733a313a2235223b733a393a22636f6e73756c746172223b733a313a2231223b733a373a22696e636c756972223b733a313a2231223b733a363a22656469746172223b733a313a2231223b733a373a226578636c756972223b733a313a2231223b7d693a333b613a373a7b733a323a226964223b733a313a2234223b733a373a2269646e6976656c223b733a313a2231223b733a363a2269646d656e75223b733a313a2236223b733a393a22636f6e73756c746172223b733a313a2231223b733a373a22696e636c756972223b733a313a2231223b733a363a22656469746172223b733a313a2231223b733a373a226578636c756972223b733a313a2231223b7d693a343b613a373a7b733a323a226964223b733a313a2239223b733a373a2269646e6976656c223b733a313a2231223b733a363a2269646d656e75223b733a313a2237223b733a393a22636f6e73756c746172223b733a313a2231223b733a373a22696e636c756972223b733a313a2231223b733a363a22656469746172223b733a313a2231223b733a373a226578636c756972223b733a313a2231223b7d693a353b613a373a7b733a323a226964223b733a323a223130223b733a373a2269646e6976656c223b733a313a2231223b733a363a2269646d656e75223b733a313a2238223b733a393a22636f6e73756c746172223b733a313a2231223b733a373a22696e636c756972223b733a313a2231223b733a363a22656469746172223b733a313a2231223b733a373a226578636c756972223b733a313a2231223b7d693a363b613a373a7b733a323a226964223b733a323a223132223b733a373a2269646e6976656c223b733a313a2231223b733a363a2269646d656e75223b733a313a2239223b733a393a22636f6e73756c746172223b733a313a2231223b733a373a22696e636c756972223b733a313a2231223b733a363a22656469746172223b733a313a2231223b733a373a226578636c756972223b733a313a2231223b7d693a373b613a373a7b733a323a226964223b733a323a223133223b733a373a2269646e6976656c223b733a313a2231223b733a363a2269646d656e75223b733a323a223130223b733a393a22636f6e73756c746172223b733a313a2231223b733a373a22696e636c756972223b733a313a2231223b733a363a22656469746172223b733a313a2231223b733a373a226578636c756972223b733a313a2231223b7d7d6c6f6761646f7c623a313b),
('78083ab3d23136f9df4cec491251c7fe5f08cb5d', '127.0.0.1', 1452357836, 0x5f5f63695f6c6173745f726567656e65726174657c693a313435323335373833363b69647c733a313a2231223b6e6f6d657c733a32333a2254686961676f204d617269616e6f206465204d6f757261223b656d61696c7c733a32363a2261676f31305f6d617269616e6f407961686f6f2e636f6d2e6272223b69647469706f6c6f67696e7c733a313a2231223b6964666f746f70657266696c7c4e3b69646e6976656c7c733a313a2231223b7065726d6973736f65737c613a383a7b693a303b613a373a7b733a323a226964223b733a313a2231223b733a373a2269646e6976656c223b733a313a2231223b733a363a2269646d656e75223b733a313a2233223b733a393a22636f6e73756c746172223b733a313a2231223b733a373a22696e636c756972223b733a313a2231223b733a363a22656469746172223b733a313a2231223b733a373a226578636c756972223b733a313a2231223b7d693a313b613a373a7b733a323a226964223b733a313a2232223b733a373a2269646e6976656c223b733a313a2231223b733a363a2269646d656e75223b733a313a2234223b733a393a22636f6e73756c746172223b733a313a2231223b733a373a22696e636c756972223b733a313a2231223b733a363a22656469746172223b733a313a2231223b733a373a226578636c756972223b733a313a2231223b7d693a323b613a373a7b733a323a226964223b733a313a2233223b733a373a2269646e6976656c223b733a313a2231223b733a363a2269646d656e75223b733a313a2235223b733a393a22636f6e73756c746172223b733a313a2231223b733a373a22696e636c756972223b733a313a2231223b733a363a22656469746172223b733a313a2231223b733a373a226578636c756972223b733a313a2231223b7d693a333b613a373a7b733a323a226964223b733a313a2234223b733a373a2269646e6976656c223b733a313a2231223b733a363a2269646d656e75223b733a313a2236223b733a393a22636f6e73756c746172223b733a313a2231223b733a373a22696e636c756972223b733a313a2231223b733a363a22656469746172223b733a313a2231223b733a373a226578636c756972223b733a313a2231223b7d693a343b613a373a7b733a323a226964223b733a313a2239223b733a373a2269646e6976656c223b733a313a2231223b733a363a2269646d656e75223b733a313a2237223b733a393a22636f6e73756c746172223b733a313a2231223b733a373a22696e636c756972223b733a313a2231223b733a363a22656469746172223b733a313a2231223b733a373a226578636c756972223b733a313a2231223b7d693a353b613a373a7b733a323a226964223b733a323a223130223b733a373a2269646e6976656c223b733a313a2231223b733a363a2269646d656e75223b733a313a2238223b733a393a22636f6e73756c746172223b733a313a2231223b733a373a22696e636c756972223b733a313a2231223b733a363a22656469746172223b733a313a2231223b733a373a226578636c756972223b733a313a2231223b7d693a363b613a373a7b733a323a226964223b733a323a223132223b733a373a2269646e6976656c223b733a313a2231223b733a363a2269646d656e75223b733a313a2239223b733a393a22636f6e73756c746172223b733a313a2231223b733a373a22696e636c756972223b733a313a2231223b733a363a22656469746172223b733a313a2231223b733a373a226578636c756972223b733a313a2231223b7d693a373b613a373a7b733a323a226964223b733a323a223133223b733a373a2269646e6976656c223b733a313a2231223b733a363a2269646d656e75223b733a323a223130223b733a393a22636f6e73756c746172223b733a313a2231223b733a373a22696e636c756972223b733a313a2231223b733a363a22656469746172223b733a313a2231223b733a373a226578636c756972223b733a313a2231223b7d7d6c6f6761646f7c623a313b),
('3623c75478ed47a83dc36b1b49427c64e8c965b1', '127.0.0.1', 1452358259, 0x5f5f63695f6c6173745f726567656e65726174657c693a313435323335383135343b69647c733a313a2231223b6e6f6d657c733a32333a2254686961676f204d617269616e6f206465204d6f757261223b656d61696c7c733a32363a2261676f31305f6d617269616e6f407961686f6f2e636f6d2e6272223b69647469706f6c6f67696e7c733a313a2231223b6964666f746f70657266696c7c4e3b69646e6976656c7c733a313a2231223b7065726d6973736f65737c613a383a7b693a303b613a373a7b733a323a226964223b733a313a2231223b733a373a2269646e6976656c223b733a313a2231223b733a363a2269646d656e75223b733a313a2233223b733a393a22636f6e73756c746172223b733a313a2231223b733a373a22696e636c756972223b733a313a2231223b733a363a22656469746172223b733a313a2231223b733a373a226578636c756972223b733a313a2231223b7d693a313b613a373a7b733a323a226964223b733a313a2232223b733a373a2269646e6976656c223b733a313a2231223b733a363a2269646d656e75223b733a313a2234223b733a393a22636f6e73756c746172223b733a313a2231223b733a373a22696e636c756972223b733a313a2231223b733a363a22656469746172223b733a313a2231223b733a373a226578636c756972223b733a313a2231223b7d693a323b613a373a7b733a323a226964223b733a313a2233223b733a373a2269646e6976656c223b733a313a2231223b733a363a2269646d656e75223b733a313a2235223b733a393a22636f6e73756c746172223b733a313a2231223b733a373a22696e636c756972223b733a313a2231223b733a363a22656469746172223b733a313a2231223b733a373a226578636c756972223b733a313a2231223b7d693a333b613a373a7b733a323a226964223b733a313a2234223b733a373a2269646e6976656c223b733a313a2231223b733a363a2269646d656e75223b733a313a2236223b733a393a22636f6e73756c746172223b733a313a2231223b733a373a22696e636c756972223b733a313a2231223b733a363a22656469746172223b733a313a2231223b733a373a226578636c756972223b733a313a2231223b7d693a343b613a373a7b733a323a226964223b733a313a2239223b733a373a2269646e6976656c223b733a313a2231223b733a363a2269646d656e75223b733a313a2237223b733a393a22636f6e73756c746172223b733a313a2231223b733a373a22696e636c756972223b733a313a2231223b733a363a22656469746172223b733a313a2231223b733a373a226578636c756972223b733a313a2231223b7d693a353b613a373a7b733a323a226964223b733a323a223130223b733a373a2269646e6976656c223b733a313a2231223b733a363a2269646d656e75223b733a313a2238223b733a393a22636f6e73756c746172223b733a313a2231223b733a373a22696e636c756972223b733a313a2231223b733a363a22656469746172223b733a313a2231223b733a373a226578636c756972223b733a313a2231223b7d693a363b613a373a7b733a323a226964223b733a323a223132223b733a373a2269646e6976656c223b733a313a2231223b733a363a2269646d656e75223b733a313a2239223b733a393a22636f6e73756c746172223b733a313a2231223b733a373a22696e636c756972223b733a313a2231223b733a363a22656469746172223b733a313a2231223b733a373a226578636c756972223b733a313a2231223b7d693a373b613a373a7b733a323a226964223b733a323a223133223b733a373a2269646e6976656c223b733a313a2231223b733a363a2269646d656e75223b733a323a223130223b733a393a22636f6e73756c746172223b733a313a2231223b733a373a22696e636c756972223b733a313a2231223b733a363a22656469746172223b733a313a2231223b733a373a226578636c756972223b733a313a2231223b7d7d6c6f6761646f7c623a313b),
('4b34085393426dca59c19c165bd8a735c10bad61', '127.0.0.1', 1452359291, 0x5f5f63695f6c6173745f726567656e65726174657c693a313435323335393039383b69647c733a313a2231223b6e6f6d657c733a32333a2254686961676f204d617269616e6f206465204d6f757261223b656d61696c7c733a32363a2261676f31305f6d617269616e6f407961686f6f2e636f6d2e6272223b69647469706f6c6f67696e7c733a313a2231223b6964666f746f70657266696c7c4e3b69646e6976656c7c733a313a2231223b7065726d6973736f65737c613a383a7b693a303b613a373a7b733a323a226964223b733a313a2231223b733a373a2269646e6976656c223b733a313a2231223b733a363a2269646d656e75223b733a313a2233223b733a393a22636f6e73756c746172223b733a313a2231223b733a373a22696e636c756972223b733a313a2231223b733a363a22656469746172223b733a313a2231223b733a373a226578636c756972223b733a313a2231223b7d693a313b613a373a7b733a323a226964223b733a313a2232223b733a373a2269646e6976656c223b733a313a2231223b733a363a2269646d656e75223b733a313a2234223b733a393a22636f6e73756c746172223b733a313a2231223b733a373a22696e636c756972223b733a313a2231223b733a363a22656469746172223b733a313a2231223b733a373a226578636c756972223b733a313a2231223b7d693a323b613a373a7b733a323a226964223b733a313a2233223b733a373a2269646e6976656c223b733a313a2231223b733a363a2269646d656e75223b733a313a2235223b733a393a22636f6e73756c746172223b733a313a2231223b733a373a22696e636c756972223b733a313a2231223b733a363a22656469746172223b733a313a2231223b733a373a226578636c756972223b733a313a2231223b7d693a333b613a373a7b733a323a226964223b733a313a2234223b733a373a2269646e6976656c223b733a313a2231223b733a363a2269646d656e75223b733a313a2236223b733a393a22636f6e73756c746172223b733a313a2231223b733a373a22696e636c756972223b733a313a2231223b733a363a22656469746172223b733a313a2231223b733a373a226578636c756972223b733a313a2231223b7d693a343b613a373a7b733a323a226964223b733a313a2239223b733a373a2269646e6976656c223b733a313a2231223b733a363a2269646d656e75223b733a313a2237223b733a393a22636f6e73756c746172223b733a313a2231223b733a373a22696e636c756972223b733a313a2231223b733a363a22656469746172223b733a313a2231223b733a373a226578636c756972223b733a313a2231223b7d693a353b613a373a7b733a323a226964223b733a323a223130223b733a373a2269646e6976656c223b733a313a2231223b733a363a2269646d656e75223b733a313a2238223b733a393a22636f6e73756c746172223b733a313a2231223b733a373a22696e636c756972223b733a313a2231223b733a363a22656469746172223b733a313a2231223b733a373a226578636c756972223b733a313a2231223b7d693a363b613a373a7b733a323a226964223b733a323a223132223b733a373a2269646e6976656c223b733a313a2231223b733a363a2269646d656e75223b733a313a2239223b733a393a22636f6e73756c746172223b733a313a2231223b733a373a22696e636c756972223b733a313a2231223b733a363a22656469746172223b733a313a2231223b733a373a226578636c756972223b733a313a2231223b7d693a373b613a373a7b733a323a226964223b733a323a223133223b733a373a2269646e6976656c223b733a313a2231223b733a363a2269646d656e75223b733a323a223130223b733a393a22636f6e73756c746172223b733a313a2231223b733a373a22696e636c756972223b733a313a2231223b733a363a22656469746172223b733a313a2231223b733a373a226578636c756972223b733a313a2231223b7d7d6c6f6761646f7c623a313b),
('8263f1e817e9e2ba1f27f789d0ef209e5a0393a0', '127.0.0.1', 1452359590, 0x5f5f63695f6c6173745f726567656e65726174657c693a313435323335393531353b69647c733a313a2231223b6e6f6d657c733a32333a2254686961676f204d617269616e6f206465204d6f757261223b656d61696c7c733a32363a2261676f31305f6d617269616e6f407961686f6f2e636f6d2e6272223b69647469706f6c6f67696e7c733a313a2231223b6964666f746f70657266696c7c4e3b69646e6976656c7c733a313a2231223b7065726d6973736f65737c613a383a7b693a303b613a373a7b733a323a226964223b733a313a2231223b733a373a2269646e6976656c223b733a313a2231223b733a363a2269646d656e75223b733a313a2233223b733a393a22636f6e73756c746172223b733a313a2231223b733a373a22696e636c756972223b733a313a2231223b733a363a22656469746172223b733a313a2231223b733a373a226578636c756972223b733a313a2231223b7d693a313b613a373a7b733a323a226964223b733a313a2232223b733a373a2269646e6976656c223b733a313a2231223b733a363a2269646d656e75223b733a313a2234223b733a393a22636f6e73756c746172223b733a313a2231223b733a373a22696e636c756972223b733a313a2231223b733a363a22656469746172223b733a313a2231223b733a373a226578636c756972223b733a313a2231223b7d693a323b613a373a7b733a323a226964223b733a313a2233223b733a373a2269646e6976656c223b733a313a2231223b733a363a2269646d656e75223b733a313a2235223b733a393a22636f6e73756c746172223b733a313a2231223b733a373a22696e636c756972223b733a313a2231223b733a363a22656469746172223b733a313a2231223b733a373a226578636c756972223b733a313a2231223b7d693a333b613a373a7b733a323a226964223b733a313a2234223b733a373a2269646e6976656c223b733a313a2231223b733a363a2269646d656e75223b733a313a2236223b733a393a22636f6e73756c746172223b733a313a2231223b733a373a22696e636c756972223b733a313a2231223b733a363a22656469746172223b733a313a2231223b733a373a226578636c756972223b733a313a2231223b7d693a343b613a373a7b733a323a226964223b733a313a2239223b733a373a2269646e6976656c223b733a313a2231223b733a363a2269646d656e75223b733a313a2237223b733a393a22636f6e73756c746172223b733a313a2231223b733a373a22696e636c756972223b733a313a2231223b733a363a22656469746172223b733a313a2231223b733a373a226578636c756972223b733a313a2231223b7d693a353b613a373a7b733a323a226964223b733a323a223130223b733a373a2269646e6976656c223b733a313a2231223b733a363a2269646d656e75223b733a313a2238223b733a393a22636f6e73756c746172223b733a313a2231223b733a373a22696e636c756972223b733a313a2231223b733a363a22656469746172223b733a313a2231223b733a373a226578636c756972223b733a313a2231223b7d693a363b613a373a7b733a323a226964223b733a323a223132223b733a373a2269646e6976656c223b733a313a2231223b733a363a2269646d656e75223b733a313a2239223b733a393a22636f6e73756c746172223b733a313a2231223b733a373a22696e636c756972223b733a313a2231223b733a363a22656469746172223b733a313a2231223b733a373a226578636c756972223b733a313a2231223b7d693a373b613a373a7b733a323a226964223b733a323a223133223b733a373a2269646e6976656c223b733a313a2231223b733a363a2269646d656e75223b733a323a223130223b733a393a22636f6e73756c746172223b733a313a2231223b733a373a22696e636c756972223b733a313a2231223b733a363a22656469746172223b733a313a2231223b733a373a226578636c756972223b733a313a2231223b7d7d6c6f6761646f7c623a313b),
('6b038745bd50bfd88ae631463fb4688dfc78cb36', '127.0.0.1', 1452360144, 0x5f5f63695f6c6173745f726567656e65726174657c693a313435323335393932343b69647c733a313a2231223b6e6f6d657c733a32333a2254686961676f204d617269616e6f206465204d6f757261223b656d61696c7c733a32363a2261676f31305f6d617269616e6f407961686f6f2e636f6d2e6272223b69647469706f6c6f67696e7c733a313a2231223b6964666f746f70657266696c7c4e3b69646e6976656c7c733a313a2231223b7065726d6973736f65737c613a383a7b693a303b613a373a7b733a323a226964223b733a313a2231223b733a373a2269646e6976656c223b733a313a2231223b733a363a2269646d656e75223b733a313a2233223b733a393a22636f6e73756c746172223b733a313a2231223b733a373a22696e636c756972223b733a313a2231223b733a363a22656469746172223b733a313a2231223b733a373a226578636c756972223b733a313a2231223b7d693a313b613a373a7b733a323a226964223b733a313a2232223b733a373a2269646e6976656c223b733a313a2231223b733a363a2269646d656e75223b733a313a2234223b733a393a22636f6e73756c746172223b733a313a2231223b733a373a22696e636c756972223b733a313a2231223b733a363a22656469746172223b733a313a2231223b733a373a226578636c756972223b733a313a2231223b7d693a323b613a373a7b733a323a226964223b733a313a2233223b733a373a2269646e6976656c223b733a313a2231223b733a363a2269646d656e75223b733a313a2235223b733a393a22636f6e73756c746172223b733a313a2231223b733a373a22696e636c756972223b733a313a2231223b733a363a22656469746172223b733a313a2231223b733a373a226578636c756972223b733a313a2231223b7d693a333b613a373a7b733a323a226964223b733a313a2234223b733a373a2269646e6976656c223b733a313a2231223b733a363a2269646d656e75223b733a313a2236223b733a393a22636f6e73756c746172223b733a313a2231223b733a373a22696e636c756972223b733a313a2231223b733a363a22656469746172223b733a313a2231223b733a373a226578636c756972223b733a313a2231223b7d693a343b613a373a7b733a323a226964223b733a313a2239223b733a373a2269646e6976656c223b733a313a2231223b733a363a2269646d656e75223b733a313a2237223b733a393a22636f6e73756c746172223b733a313a2231223b733a373a22696e636c756972223b733a313a2231223b733a363a22656469746172223b733a313a2231223b733a373a226578636c756972223b733a313a2231223b7d693a353b613a373a7b733a323a226964223b733a323a223130223b733a373a2269646e6976656c223b733a313a2231223b733a363a2269646d656e75223b733a313a2238223b733a393a22636f6e73756c746172223b733a313a2231223b733a373a22696e636c756972223b733a313a2231223b733a363a22656469746172223b733a313a2231223b733a373a226578636c756972223b733a313a2231223b7d693a363b613a373a7b733a323a226964223b733a323a223132223b733a373a2269646e6976656c223b733a313a2231223b733a363a2269646d656e75223b733a313a2239223b733a393a22636f6e73756c746172223b733a313a2231223b733a373a22696e636c756972223b733a313a2231223b733a363a22656469746172223b733a313a2231223b733a373a226578636c756972223b733a313a2231223b7d693a373b613a373a7b733a323a226964223b733a323a223133223b733a373a2269646e6976656c223b733a313a2231223b733a363a2269646d656e75223b733a323a223130223b733a393a22636f6e73756c746172223b733a313a2231223b733a373a22696e636c756972223b733a313a2231223b733a363a22656469746172223b733a313a2231223b733a373a226578636c756972223b733a313a2231223b7d7d6c6f6761646f7c623a313b);
REPLACE INTO `ci_sessions` (`id`, `ip_address`, `timestamp`, `data`) VALUES
('7f9c513bdb70f6b688ade0e7320ce3afbc6bc3a0', '127.0.0.1', 1452360226, 0x5f5f63695f6c6173745f726567656e65726174657c693a313435323336303232353b69647c733a313a2231223b6e6f6d657c733a32333a2254686961676f204d617269616e6f206465204d6f757261223b656d61696c7c733a32363a2261676f31305f6d617269616e6f407961686f6f2e636f6d2e6272223b69647469706f6c6f67696e7c733a313a2231223b6964666f746f70657266696c7c4e3b69646e6976656c7c733a313a2231223b7065726d6973736f65737c613a383a7b693a303b613a373a7b733a323a226964223b733a313a2231223b733a373a2269646e6976656c223b733a313a2231223b733a363a2269646d656e75223b733a313a2233223b733a393a22636f6e73756c746172223b733a313a2231223b733a373a22696e636c756972223b733a313a2231223b733a363a22656469746172223b733a313a2231223b733a373a226578636c756972223b733a313a2231223b7d693a313b613a373a7b733a323a226964223b733a313a2232223b733a373a2269646e6976656c223b733a313a2231223b733a363a2269646d656e75223b733a313a2234223b733a393a22636f6e73756c746172223b733a313a2231223b733a373a22696e636c756972223b733a313a2231223b733a363a22656469746172223b733a313a2231223b733a373a226578636c756972223b733a313a2231223b7d693a323b613a373a7b733a323a226964223b733a313a2233223b733a373a2269646e6976656c223b733a313a2231223b733a363a2269646d656e75223b733a313a2235223b733a393a22636f6e73756c746172223b733a313a2231223b733a373a22696e636c756972223b733a313a2231223b733a363a22656469746172223b733a313a2231223b733a373a226578636c756972223b733a313a2231223b7d693a333b613a373a7b733a323a226964223b733a313a2234223b733a373a2269646e6976656c223b733a313a2231223b733a363a2269646d656e75223b733a313a2236223b733a393a22636f6e73756c746172223b733a313a2231223b733a373a22696e636c756972223b733a313a2231223b733a363a22656469746172223b733a313a2231223b733a373a226578636c756972223b733a313a2231223b7d693a343b613a373a7b733a323a226964223b733a313a2239223b733a373a2269646e6976656c223b733a313a2231223b733a363a2269646d656e75223b733a313a2237223b733a393a22636f6e73756c746172223b733a313a2231223b733a373a22696e636c756972223b733a313a2231223b733a363a22656469746172223b733a313a2231223b733a373a226578636c756972223b733a313a2231223b7d693a353b613a373a7b733a323a226964223b733a323a223130223b733a373a2269646e6976656c223b733a313a2231223b733a363a2269646d656e75223b733a313a2238223b733a393a22636f6e73756c746172223b733a313a2231223b733a373a22696e636c756972223b733a313a2231223b733a363a22656469746172223b733a313a2231223b733a373a226578636c756972223b733a313a2231223b7d693a363b613a373a7b733a323a226964223b733a323a223132223b733a373a2269646e6976656c223b733a313a2231223b733a363a2269646d656e75223b733a313a2239223b733a393a22636f6e73756c746172223b733a313a2231223b733a373a22696e636c756972223b733a313a2231223b733a363a22656469746172223b733a313a2231223b733a373a226578636c756972223b733a313a2231223b7d693a373b613a373a7b733a323a226964223b733a323a223133223b733a373a2269646e6976656c223b733a313a2231223b733a363a2269646d656e75223b733a323a223130223b733a393a22636f6e73756c746172223b733a313a2231223b733a373a22696e636c756972223b733a313a2231223b733a363a22656469746172223b733a313a2231223b733a373a226578636c756972223b733a313a2231223b7d7d6c6f6761646f7c623a313b);

-- --------------------------------------------------------

--
-- Estrutura da tabela `config`
--

DROP TABLE IF EXISTS `config`;
CREATE TABLE IF NOT EXISTS `config` (
  `id` int(11) NOT NULL,
  `nome` varchar(30) COLLATE utf8_bin NOT NULL,
  `valor` text COLLATE utf8_bin
) ENGINE=MyISAM AUTO_INCREMENT=3 DEFAULT CHARSET=utf8 COLLATE=utf8_bin;

--
-- Extraindo dados da tabela `config`
--

REPLACE INTO `config` (`id`, `nome`, `valor`) VALUES
(1, 'tipousuariopadrao', '1'),
(2, 'nivelusuariopadrao', '1');

-- --------------------------------------------------------

--
-- Estrutura da tabela `menu`
--

DROP TABLE IF EXISTS `menu`;
CREATE TABLE IF NOT EXISTS `menu` (
  `id` int(11) NOT NULL,
  `nome` varchar(100) COLLATE utf8_unicode_ci NOT NULL,
  `descricao` varchar(300) COLLATE utf8_unicode_ci DEFAULT NULL,
  `url` varchar(200) COLLATE utf8_unicode_ci DEFAULT NULL,
  `grupo` varchar(100) COLLATE utf8_unicode_ci DEFAULT NULL,
  `tipo` varchar(100) COLLATE utf8_unicode_ci DEFAULT NULL,
  `formato` varchar(100) COLLATE utf8_unicode_ci DEFAULT NULL,
  `icone` varchar(200) COLLATE utf8_unicode_ci DEFAULT NULL,
  `nivel` int(5) NOT NULL DEFAULT '1',
  `ordem` int(5) NOT NULL,
  `idmenupai` int(11) DEFAULT NULL,
  `sistema` tinyint(1) NOT NULL DEFAULT '0'
) ENGINE=MyISAM AUTO_INCREMENT=11 DEFAULT CHARSET=utf8 COLLATE=utf8_unicode_ci;

--
-- Extraindo dados da tabela `menu`
--

REPLACE INTO `menu` (`id`, `nome`, `descricao`, `url`, `grupo`, `tipo`, `formato`, `icone`, `nivel`, `ordem`, `idmenupai`, `sistema`) VALUES
(1, 'Entre', 'Menu para login', 'usuario/login', 'top bar menu', 'link', 'link', NULL, 1, 1, NULL, 0),
(2, 'Cadastre-se', 'Menu para Cadastrar usuário', 'usuario/cadastro', 'top bar menu', 'link', 'link', NULL, 1, 2, NULL, 0),
(3, 'Administração', 'Menu para administração do site', NULL, 'top bar menu', 'menu', 'dropdown', NULL, 1, 1, NULL, 1),
(4, 'Usuario', 'Grupo de links para administração de usuario', NULL, 'administracao', 'menu', 'dropdown', NULL, 2, 1, 3, 1),
(5, 'Níveis de permissão', 'Link para Busca e edição dos niveis de permissão', 'admin/usuario/nivel/busca', 'nivel', 'item', 'link', NULL, 3, 1, 4, 1),
(6, 'Cadastro de Nivel', 'Link para cadastro de Nível de permissão', 'admin/usuario/nivel/cadastro', 'nivel', 'item', 'link', NULL, 3, 2, 4, 1),
(7, 'Sistema', NULL, NULL, 'administracao', 'menu', 'dropdown', NULL, 2, 2, 3, 1),
(8, 'Logs', 'Busca de Logs do sistema', 'admin/sistema/log/busca', 'log', 'item', 'link', NULL, 3, 1, 7, 1),
(9, 'Menus', 'Para busca de Menus cadastrados no sistema', 'admin/sistema/menu/busca', 'menu', 'item', 'link', NULL, 3, 2, 7, 1),
(10, 'Cadastro de Menu', 'Formulário para cadastrar menus no Sistema', 'admin/sistema/menu/cadastro', 'menu', 'item', 'link', NULL, 3, 2, 7, 1);

-- --------------------------------------------------------

--
-- Estrutura da tabela `midia`
--

DROP TABLE IF EXISTS `midia`;
CREATE TABLE IF NOT EXISTS `midia` (
  `id` int(11) NOT NULL,
  `nome` varchar(100) COLLATE utf8_bin NOT NULL,
  `biblioteca` enum('imagem','video','audio','documento') COLLATE utf8_bin NOT NULL DEFAULT 'documento',
  `classificacao` enum('usuario','site','sistema','portfolio') COLLATE utf8_bin NOT NULL DEFAULT 'usuario',
  `url` varchar(240) COLLATE utf8_bin NOT NULL,
  `alt` varchar(100) COLLATE utf8_bin DEFAULT NULL,
  `local` tinyint(1) NOT NULL DEFAULT '1',
  `privado` tinyint(1) NOT NULL DEFAULT '0',
  `idalbum` int(11) NOT NULL DEFAULT '1',
  `idusuario` int(11) NOT NULL DEFAULT '0',
  `criado` timestamp NOT NULL DEFAULT CURRENT_TIMESTAMP
) ENGINE=MyISAM AUTO_INCREMENT=8 DEFAULT CHARSET=utf8 COLLATE=utf8_bin;

--
-- Extraindo dados da tabela `midia`
--

REPLACE INTO `midia` (`id`, `nome`, `biblioteca`, `classificacao`, `url`, `alt`, `local`, `privado`, `idalbum`, `idusuario`, `criado`) VALUES
(1, 'mais_um_teste_agora_com_a_barra_no_final.jpg', 'imagem', 'portfolio', 'C:/xampp/htdocs/marciafarioli2/images/portfolio/2015/10/dferhjf_yrgcs_buer/mais_um_teste_agora_com_a_barra_no_final.jpg', NULL, 1, 0, 7, 0, '2015-10-20 22:51:19'),
(2, 'esse_é_para_ser_o_ultimo.jpg', 'imagem', 'portfolio', 'C:/xampp/htdocs/marciafarioli2/images/portfolio/2015/10/ultimo/esse_é_para_ser_o_ultimo.jpg', NULL, 1, 0, 8, 0, '2015-10-20 22:52:57'),
(3, 'agora_vai.jpg', 'imagem', 'portfolio', 'C:/xampp/htdocs/marciafarioli2/images/portfolio/2015/10/não_foi_o_ultimo/agora_vai.jpg', NULL, 1, 0, 9, 0, '2015-10-20 22:54:14'),
(4, 'Arquivo_numero_01.jpg', 'imagem', 'portfolio', 'C:/xampp/htdocs/marciafarioli2/images/portfolio/2015/10/ultimo01/Arquivo_numero_01.jpg', NULL, 1, 0, 10, 0, '2015-10-20 22:58:34'),
(5, 'Windows-10-wallpapers-3d.jpg', 'imagem', 'portfolio', 'C:/xampp/htdocs/marciafarioli2/images/portfolio/2015/10/teste_do_id/Windows-10-wallpapers-3d.jpg', NULL, 1, 0, 11, 1, '2015-10-20 23:13:44'),
(6, 'Windows-10-wallpapers-3d-marcado.jpg', 'imagem', 'portfolio', 'C:/xampp/htdocs/marciafarioli2/images/portfolio/2015/10/novo_album_multiplo/Windows-10-wallpapers-3d-marcado.jpg', NULL, 1, 0, 14, 1, '2015-10-21 22:12:30'),
(7, '12431.jpg', 'imagem', 'portfolio', '/home/u857456774/public_html/images/portfolio/2015/11/portfolio_2015/12431.jpg', NULL, 1, 0, 15, 1, '2015-11-27 13:15:14');

-- --------------------------------------------------------

--
-- Estrutura da tabela `nivel`
--

DROP TABLE IF EXISTS `nivel`;
CREATE TABLE IF NOT EXISTS `nivel` (
  `id` int(11) NOT NULL,
  `nome` varchar(100) COLLATE utf8_unicode_ci NOT NULL,
  `descricao` varchar(300) COLLATE utf8_unicode_ci DEFAULT NULL,
  `hierarquia` int(3) NOT NULL DEFAULT '1'
) ENGINE=MyISAM AUTO_INCREMENT=4 DEFAULT CHARSET=utf8 COLLATE=utf8_unicode_ci;

--
-- Extraindo dados da tabela `nivel`
--

REPLACE INTO `nivel` (`id`, `nome`, `descricao`, `hierarquia`) VALUES
(1, 'Administrador Master', 'Acesso a todos os menus', 1),
(2, 'Administrador', '', 1);

-- --------------------------------------------------------

--
-- Estrutura da tabela `permissao`
--

DROP TABLE IF EXISTS `permissao`;
CREATE TABLE IF NOT EXISTS `permissao` (
  `id` int(11) NOT NULL,
  `idnivel` int(11) NOT NULL,
  `idurl` int(11) NOT NULL,
  `permite` tinyint(1) NOT NULL DEFAULT '1'
) ENGINE=MyISAM AUTO_INCREMENT=14 DEFAULT CHARSET=utf8 COLLATE=utf8_unicode_ci;

--
-- Extraindo dados da tabela `permissao`
--

REPLACE INTO `permissao` (`id`, `idnivel`, `idurl`, `permite`) VALUES
(1, 1, 3, 1),
(2, 1, 4, 1),
(3, 1, 5, 1),
(4, 1, 6, 1),
(5, 2, 5, 1),
(6, 2, 3, 1),
(9, 1, 7, 1),
(10, 1, 8, 1),
(11, 2, 4, 1),
(12, 1, 9, 1),
(13, 1, 10, 1);

-- --------------------------------------------------------

--
-- Estrutura da tabela `tipologin`
--

DROP TABLE IF EXISTS `tipologin`;
CREATE TABLE IF NOT EXISTS `tipologin` (
  `id` int(11) NOT NULL,
  `nome` varchar(50) COLLATE utf8_bin NOT NULL,
  `descricao` varchar(500) COLLATE utf8_bin DEFAULT NULL,
  `comentar` tinyint(1) DEFAULT '0',
  `postar` tinyint(1) DEFAULT '0',
  `upmidia` tinyint(1) DEFAULT '0',
  `editarusuario` tinyint(1) DEFAULT '0',
  `inserirusuario` tinyint(1) DEFAULT '0',
  `inserirtipousuario` tinyint(1) DEFAULT '0',
  `editartipousuario` tinyint(1) DEFAULT '0',
  `editarhome` tinyint(1) NOT NULL DEFAULT '0',
  `editarportfolio` tinyint(1) DEFAULT '0'
) ENGINE=MyISAM AUTO_INCREMENT=2 DEFAULT CHARSET=utf8 COLLATE=utf8_bin;

--
-- Extraindo dados da tabela `tipologin`
--

REPLACE INTO `tipologin` (`id`, `nome`, `descricao`, `comentar`, `postar`, `upmidia`, `editarusuario`, `inserirusuario`, `inserirtipousuario`, `editartipousuario`, `editarhome`, `editarportfolio`) VALUES
(1, 'Administrador Geral', 'Tem acesso as todas as funções do sistema.', 1, 1, 1, 1, 1, 1, 1, 1, 1);

-- --------------------------------------------------------

--
-- Estrutura da tabela `url`
--

DROP TABLE IF EXISTS `url`;
CREATE TABLE IF NOT EXISTS `url` (
  `id` int(11) NOT NULL,
  `nome` varchar(100) NOT NULL,
  `descricao` varchar(300) DEFAULT NULL,
  `url` varchar(200) NOT NULL,
  `restricao` tinyint(1) NOT NULL DEFAULT '0'
) ENGINE=InnoDB DEFAULT CHARSET=latin1;

-- --------------------------------------------------------

--
-- Estrutura da tabela `usuario`
--

DROP TABLE IF EXISTS `usuario`;
CREATE TABLE IF NOT EXISTS `usuario` (
  `id` int(11) NOT NULL,
  `email` varchar(60) COLLATE utf8_bin NOT NULL,
  `senha` varchar(50) COLLATE utf8_bin NOT NULL,
  `nome` varchar(50) COLLATE utf8_bin NOT NULL,
  `idtipologin` int(11) NOT NULL DEFAULT '4',
  `sexo` varchar(11) COLLATE utf8_bin NOT NULL,
  `idfotoperfil` varchar(50) COLLATE utf8_bin DEFAULT NULL,
  `idnivel` int(11) NOT NULL DEFAULT '1'
) ENGINE=MyISAM AUTO_INCREMENT=2 DEFAULT CHARSET=utf8 COLLATE=utf8_bin;

--
-- Extraindo dados da tabela `usuario`
--

REPLACE INTO `usuario` (`id`, `email`, `senha`, `nome`, `idtipologin`, `sexo`, `idfotoperfil`, `idnivel`) VALUES
(1, 'ago10_mariano@yahoo.com.br', '54980f400762a09e7b11d11a24835517', 'Thiago Mariano de Moura', 1, 'Masculino', NULL, 1);

--
-- Indexes for dumped tables
--

--
-- Indexes for table `album`
--
ALTER TABLE `album`
  ADD PRIMARY KEY (`id`);

--
-- Indexes for table `ci_sessions`
--
ALTER TABLE `ci_sessions`
  ADD PRIMARY KEY (`id`),
  ADD KEY `ci_sessions_timestamp` (`timestamp`);

--
-- Indexes for table `config`
--
ALTER TABLE `config`
  ADD PRIMARY KEY (`id`),
  ADD UNIQUE KEY `nome` (`nome`);

--
-- Indexes for table `menu`
--
ALTER TABLE `menu`
  ADD PRIMARY KEY (`id`);

--
-- Indexes for table `midia`
--
ALTER TABLE `midia`
  ADD PRIMARY KEY (`id`),
  ADD UNIQUE KEY `url` (`url`);

--
-- Indexes for table `nivel`
--
ALTER TABLE `nivel`
  ADD PRIMARY KEY (`id`),
  ADD UNIQUE KEY `nome` (`nome`);

--
-- Indexes for table `permissao`
--
ALTER TABLE `permissao`
  ADD PRIMARY KEY (`id`);

--
-- Indexes for table `tipologin`
--
ALTER TABLE `tipologin`
  ADD PRIMARY KEY (`id`),
  ADD UNIQUE KEY `nome` (`nome`);

--
-- Indexes for table `url`
--
ALTER TABLE `url`
  ADD PRIMARY KEY (`id`),
  ADD UNIQUE KEY `UNIQUE` (`url`);

--
-- Indexes for table `usuario`
--
ALTER TABLE `usuario`
  ADD PRIMARY KEY (`id`),
  ADD UNIQUE KEY `email` (`email`);

--
-- AUTO_INCREMENT for dumped tables
--

--
-- AUTO_INCREMENT for table `album`
--
ALTER TABLE `album`
  MODIFY `id` int(11) NOT NULL AUTO_INCREMENT,AUTO_INCREMENT=16;
--
-- AUTO_INCREMENT for table `config`
--
ALTER TABLE `config`
  MODIFY `id` int(11) NOT NULL AUTO_INCREMENT,AUTO_INCREMENT=3;
--
-- AUTO_INCREMENT for table `menu`
--
ALTER TABLE `menu`
  MODIFY `id` int(11) NOT NULL AUTO_INCREMENT,AUTO_INCREMENT=11;
--
-- AUTO_INCREMENT for table `midia`
--
ALTER TABLE `midia`
  MODIFY `id` int(11) NOT NULL AUTO_INCREMENT,AUTO_INCREMENT=8;
--
-- AUTO_INCREMENT for table `nivel`
--
ALTER TABLE `nivel`
  MODIFY `id` int(11) NOT NULL AUTO_INCREMENT,AUTO_INCREMENT=4;
--
-- AUTO_INCREMENT for table `permissao`
--
ALTER TABLE `permissao`
  MODIFY `id` int(11) NOT NULL AUTO_INCREMENT,AUTO_INCREMENT=14;
--
-- AUTO_INCREMENT for table `tipologin`
--
ALTER TABLE `tipologin`
  MODIFY `id` int(11) NOT NULL AUTO_INCREMENT,AUTO_INCREMENT=2;
--
-- AUTO_INCREMENT for table `url`
--
ALTER TABLE `url`
  MODIFY `id` int(11) NOT NULL AUTO_INCREMENT;
--
-- AUTO_INCREMENT for table `usuario`
--
ALTER TABLE `usuario`
  MODIFY `id` int(11) NOT NULL AUTO_INCREMENT,AUTO_INCREMENT=2;
/*!40101 SET CHARACTER_SET_CLIENT=@OLD_CHARACTER_SET_CLIENT */;
/*!40101 SET CHARACTER_SET_RESULTS=@OLD_CHARACTER_SET_RESULTS */;
/*!40101 SET COLLATION_CONNECTION=@OLD_COLLATION_CONNECTION */;
